{ 
    
    "arm_left": [
        {
            "shape": [ 146.57142639160156,30, 46.285713195800781,46.571428537368774, 15.142857551574707,46.857142925262451, 6,42, 39,1, 136,13.714286804199219, 146.57142639160156,19.714284896850586 ]
        },
        {
            "shape": [ 39,1, 6,42, 2,17, 8,5 ]
        }
    ]
    , 
    "arm_right": [
        {
            "shape": [ 3,17, 100,2, 124.28571319580078,1.1428565979003906, 140.28572082519531,6.2857131958007812, 138,47.428571462631226, 110,48, 33.714286804199219,34.571428298950195, 4,28 ]
        },
        {
            "shape": [ 148,17.142856597900391, 144,42.571428775787354, 138,47.428571462631226, 140.28572082519531,6.2857131958007812 ]
        }
    ]
}
